Country_Code,Country,Year,Poverty_Rate,Indicator,Classification
USA,United States,1963,1.5,Poverty headcount ratio at $2.15 a day (2017 PPP) (% of population),Developed
USA,United States,1964,1.5,Poverty headcount ratio at $2.15 a day (2017 PPP) (% of population),Developed
USA,United States,1965,1.2,Poverty headcount ratio at $2.15 a day (2017 PPP) (% of population),Developed
USA,United States,1966,1.2,Poverty headcount ratio at $2.15 a day (2017 PPP) (% of population),Developed
USA,United States,1967,1.0,Poverty headcount ratio at $2.15 a day (2017 PPP) (% of population),Developed
GBR,United Kingdom,1968,0.2,Poverty headcount ratio at $2.15 a day (2017 PPP) (% of population),Developed
USA,United States,1968,1.0,Poverty headcount ratio at $2.15 a day (2017 PPP) (% of population),Developed
GBR,United Kingdom,1969,0.2,Poverty headcount ratio at $2.15 a day (2017 PPP) (% of population),Developed
USA,United States,1969,0.7,Poverty headcount ratio at $2.15 a day (2017 PPP) (% of population),Developed
FRA,France,1970,0.0,Poverty headcount ratio at $2.15 a day (2017 PPP) (% of population),Developed
GBR,United Kingdom,1970,0.2,Poverty headcount ratio at $2.15 a day (2017 PPP) (% of population),Developed
USA,United States,1970,1.0,Poverty headcount ratio at $2.15 a day (2017 PPP) (% of population),Developed
CAN,Canada,1971,2.5,Poverty headcount ratio at $2.15 a day (2017 PPP) (% of population),Developed
GBR,United Kingdom,1971,0.0,Poverty headcount ratio at $2.15 a day (2017 PPP) (% of population),Developed
USA,United States,1971,1.0,Poverty headcount ratio at $2.15 a day (2017 PPP) (% of population),Developed
GBR,United Kingdom,1972,0.2,Poverty headcount ratio at $2.15 a day (2017 PPP) (% of population),Developed
USA,United States,1972,0.7,Poverty headcount ratio at $2.15 a day (2017 PPP) (% of population),Developed
CAN,Canada,1973,1.7,Poverty headcount ratio at $2.15 a day (2017 PPP) (% of population),Developed
GBR,United Kingdom,1973,0.0,Poverty headcount ratio at $2.15 a day (2017 PPP) (% of population),Developed
USA,United States,1973,0.7,Poverty headcount ratio at $2.15 a day (2017 PPP) (% of population),Developed
GBR,United Kingdom,1974,0.2,Poverty headcount ratio at $2.15 a day (2017 PPP) (% of population),Developed
USA,United States,1974,0.7,Poverty headcount ratio at $2.15 a day (2017 PPP) (% of population),Developed
CAN,Canada,1975,1.7,Poverty headcount ratio at $2.15 a day (2017 PPP) (% of population),Developed
FRA,France,1975,0.5,Poverty headcount ratio at $2.15 a day (2017 PPP) (% of population),Developed
SWE,Sweden,1975,0.5,Poverty headcount ratio at $2.15 a day (2017 PPP) (% of population),Developed
GBR,United Kingdom,1975,0.2,Poverty headcount ratio at $2.15 a day (2017 PPP) (% of population),Developed
USA,United States,1975,0.7,Poverty headcount ratio at $2.15 a day (2017 PPP) (% of population),Developed
GBR,United Kingdom,1976,0.0,Poverty headcount ratio at $2.15 a day (2017 PPP) (% of population),Developed
USA,United States,1976,0.7,Poverty headcount ratio at $2.15 a day (2017 PPP) (% of population),Developed
CAN,Canada,1977,1.5,Poverty headcount ratio at $2.15 a day (2017 PPP) (% of population),Developed
ITA,Italy,1977,0.2,Poverty headcount ratio at $2.15 a day (2017 PPP) (% of population),Developed
GBR,United Kingdom,1977,0.2,Poverty headcount ratio at $2.15 a day (2017 PPP) (% of population),Developed
USA,United States,1977,0.5,Poverty headcount ratio at $2.15 a day (2017 PPP) (% of population),Developed
ITA,Italy,1978,0.5,Poverty headcount ratio at $2.15 a day (2017 PPP) (% of population),Developed
GBR,United Kingdom,1978,0.0,Poverty headcount ratio at $2.15 a day (2017 PPP) (% of population),Developed
USA,United States,1978,0.7,Poverty headcount ratio at $2.15 a day (2017 PPP) (% of population),Developed
CAN,Canada,1979,1.2,Poverty headcount ratio at $2.15 a day (2017 PPP) (% of population),Developed
FRA,France,1979,0.2,Poverty headcount ratio at $2.15 a day (2017 PPP) (% of population),Developed
ITA,Italy,1979,0.5,Poverty headcount ratio at $2.15 a day (2017 PPP) (% of population),Developed
NOR,Norway,1979,0.2,Poverty headcount ratio at $2.15 a day (2017 PPP) (% of population),Developed
GBR,United Kingdom,1979,0.0,Poverty headcount ratio at $2.15 a day (2017 PPP) (% of population),Developed
USA,United States,1979,0.7,Poverty headcount ratio at $2.15 a day (2017 PPP) (% of population),Developed
ITA,Italy,1980,0.2,Poverty headcount ratio at $2.15 a day (2017 PPP) (% of population),Developed
ESP,Spain,1980,0.7,Poverty headcount ratio at $2.15 a day (2017 PPP) (% of population),Developed
GBR,United Kingdom,1980,0.0,Poverty headcount ratio at $2.15 a day (2017 PPP) (% of population),Developed
USA,United States,1980,0.5,Poverty headcount ratio at $2.15 a day (2017 PPP) (% of population),Developed
AUS,Australia,1981,1.0,Poverty headcount ratio at $2.15 a day (2017 PPP) (% of population),Developed
CAN,Canada,1981,1.0,Poverty headcount ratio at $2.15 a day (2017 PPP) (% of population),Developed
ITA,Italy,1981,0.2,Poverty headcount ratio at $2.15 a day (2017 PPP) (% of population),Developed
SWE,Sweden,1981,0.5,Poverty headcount ratio at $2.15 a day (2017 PPP) (% of population),Developed
THA,Thailand,1981,31.0,Poverty headcount ratio at $2.15 a day (2017 PPP) (% of population),Southeast Asia
GBR,United Kingdom,1981,0.0,Poverty headcount ratio at $2.15 a day (2017 PPP) (% of population),Developed
USA,United States,1981,0.5,Poverty headcount ratio at $2.15 a day (2017 PPP) (% of population),Developed
CAN,Canada,1982,0.7,Poverty headcount ratio at $2.15 a day (2017 PPP) (% of population),Developed
ITA,Italy,1982,0.2,Poverty headcount ratio at $2.15 a day (2017 PPP) (% of population),Developed
CHE,Switzerland,1982,0.7,Poverty headcount ratio at $2.15 a day (2017 PPP) (% of population),Developed
GBR,United Kingdom,1982,0.2,Poverty headcount ratio at $2.15 a day (2017 PPP) (% of population),Developed
USA,United States,1982,0.7,Poverty headcount ratio at $2.15 a day (2017 PPP) (% of population),Developed
ITA,Italy,1983,0.2,Poverty headcount ratio at $2.15 a day (2017 PPP) (% of population),Developed
NLD,Netherlands,1983,0.7,Poverty headcount ratio at $2.15 a day (2017 PPP) (% of population),Developed
GBR,United Kingdom,1983,0.0,Poverty headcount ratio at $2.15 a day (2017 PPP) (% of population),Developed
USA,United States,1983,0.7,Poverty headcount ratio at $2.15 a day (2017 PPP) (% of population),Developed
CAN,Canada,1984,1.0,Poverty headcount ratio at $2.15 a day (2017 PPP) (% of population),Developed
FRA,France,1984,0.5,Poverty headcount ratio at $2.15 a day (2017 PPP) (% of population),Developed
IDN,Indonesia,1984,86.2,Poverty headcount ratio at $2.15 a day (2017 PPP) (% of population),Southeast Asia
ITA,Italy,1984,0.2,Poverty headcount ratio at $2.15 a day (2017 PPP) (% of population),Developed
MYS,Malaysia,1984,6.7,Poverty headcount ratio at $2.15 a day (2017 PPP) (% of population),Southeast Asia
GBR,United Kingdom,1984,0.2,Poverty headcount ratio at $2.15 a day (2017 PPP) (% of population),Developed
USA,United States,1984,0.7,Poverty headcount ratio at $2.15 a day (2017 PPP) (% of population),Developed
AUS,Australia,1985,1.0,Poverty headcount ratio at $2.15 a day (2017 PPP) (% of population),Developed
BEL,Belgium,1985,0.2,Poverty headcount ratio at $2.15 a day (2017 PPP) (% of population),Developed
CAN,Canada,1985,0.7,Poverty headcount ratio at $2.15 a day (2017 PPP) (% of population),Developed
PHL,Philippines,1985,43.3,Poverty headcount ratio at $2.15 a day (2017 PPP) (% of population),Southeast Asia
ESP,Spain,1985,0.5,Poverty headcount ratio at $2.15 a day (2017 PPP) (% of population),Developed
GBR,United Kingdom,1985,0.2,Poverty headcount ratio at $2.15 a day (2017 PPP) (% of population),Developed
USA,United States,1985,0.7,Poverty headcount ratio at $2.15 a day (2017 PPP) (% of population),Developed
CAN,Canada,1986,1.0,Poverty headcount ratio at $2.15 a day (2017 PPP) (% of population),Developed
ITA,Italy,1986,0.2,Poverty headcount ratio at $2.15 a day (2017 PPP) (% of population),Developed
NOR,Norway,1986,0.2,Poverty headcount ratio at $2.15 a day (2017 PPP) (% of population),Developed
GBR,United Kingdom,1986,0.2,Poverty headcount ratio at $2.15 a day (2017 PPP) (% of population),Developed
USA,United States,1986,0.7,Poverty headcount ratio at $2.15 a day (2017 PPP) (% of population),Developed
CAN,Canada,1987,0.5,Poverty headcount ratio at $2.15 a day (2017 PPP) (% of population),Developed
DNK,Denmark,1987,0.7,Poverty headcount ratio at $2.15 a day (2017 PPP) (% of population),Developed
FIN,Finland,1987,0.0,Poverty headcount ratio at $2.15 a day (2017 PPP) (% of population),Developed
IDN,Indonesia,1987,86.8,Poverty headcount ratio at $2.15 a day (2017 PPP) (% of population),Southeast Asia
ITA,Italy,1987,1.2,Poverty headcount ratio at $2.15 a day (2017 PPP) (% of population),Developed
MYS,Malaysia,1987,5.9,Poverty headcount ratio at $2.15 a day (2017 PPP) (% of population),Southeast Asia
NLD,Netherlands,1987,0.5,Poverty headcount ratio at $2.15 a day (2017 PPP) (% of population),Developed
SWE,Sweden,1987,0.2,Poverty headcount ratio at $2.15 a day (2017 PPP) (% of population),Developed
GBR,United Kingdom,1987,0.0,Poverty headcount ratio at $2.15 a day (2017 PPP) (% of population),Developed
USA,United States,1987,0.5,Poverty headcount ratio at $2.15 a day (2017 PPP) (% of population),Developed
BEL,Belgium,1988,0.7,Poverty headcount ratio at $2.15 a day (2017 PPP) (% of population),Developed
CAN,Canada,1988,0.7,Poverty headcount ratio at $2.15 a day (2017 PPP) (% of population),Developed
PHL,Philippines,1988,41.0,Poverty headcount ratio at $2.15 a day (2017 PPP) (% of population),Southeast Asia
THA,Thailand,1988,26.7,Poverty headcount ratio at $2.15 a day (2017 PPP) (% of population),Southeast Asia
GBR,United Kingdom,1988,0.2,Poverty headcount ratio at $2.15 a day (2017 PPP) (% of population),Developed
USA,United States,1988,0.5,Poverty headcount ratio at $2.15 a day (2017 PPP) (% of population),Developed
AUS,Australia,1989,0.7,Poverty headcount ratio at $2.15 a day (2017 PPP) (% of population),Developed
CAN,Canada,1989,1.2,Poverty headcount ratio at $2.15 a day (2017 PPP) (% of population),Developed
ITA,Italy,1989,0.0,Poverty headcount ratio at $2.15 a day (2017 PPP) (% of population),Developed
MYS,Malaysia,1989,4.9,Poverty headcount ratio at $2.15 a day (2017 PPP) (% of population),Southeast Asia
GBR,United Kingdom,1989,0.2,Poverty headcount ratio at $2.15 a day (2017 PPP) (% of population),Developed
USA,United States,1989,0.5,Poverty headcount ratio at $2.15 a day (2017 PPP) (% of population),Developed
CAN,Canada,1990,1.2,Poverty headcount ratio at $2.15 a day (2017 PPP) (% of population),Developed
FRA,France,1990,0.2,Poverty headcount ratio at $2.15 a day (2017 PPP) (% of population),Developed
IDN,Indonesia,1990,78.6,Poverty headcount ratio at $2.15 a day (2017 PPP) (% of population),Southeast Asia
NLD,Netherlands,1990,1.2,Poverty headcount ratio at $2.15 a day (2017 PPP) (% of population),Developed
ESP,Spain,1990,0.5,Poverty headcount ratio at $2.15 a day (2017 PPP) (% of population),Developed
THA,Thailand,1990,21.1,Poverty headcount ratio at $2.15 a day (2017 PPP) (% of population),Southeast Asia
GBR,United Kingdom,1990,0.2,Poverty headcount ratio at $2.15 a day (2017 PPP) (% of population),Developed
USA,United States,1990,0.5,Poverty headcount ratio at $2.15 a day (2017 PPP) (% of population),Developed
CAN,Canada,1991,1.2,Poverty headcount ratio at $2.15 a day (2017 PPP) (% of population),Developed
FIN,Finland,1991,0.0,Poverty headcount ratio at $2.15 a day (2017 PPP) (% of population),Developed
DEU,Germany,1991,0.0,Poverty headcount ratio at $2.15 a day (2017 PPP) (% of population),Developed
ITA,Italy,1991,0.2,Poverty headcount ratio at $2.15 a day (2017 PPP) (% of population),Developed
NOR,Norway,1991,0.5,Poverty headcount ratio at $2.15 a day (2017 PPP) (% of population),Developed
PHL,Philippines,1991,40.6,Poverty headcount ratio at $2.15 a day (2017 PPP) (% of population),Southeast Asia
GBR,United Kingdom,1991,0.2,Poverty headcount ratio at $2.15 a day (2017 PPP) (% of population),Developed
USA,United States,1991,0.5,Poverty headcount ratio at $2.15 a day (2017 PPP) (% of population),Developed
BEL,Belgium,1992,1.0,Poverty headcount ratio at $2.15 a day (2017 PPP) (% of population),Developed
CAN,Canada,1992,0.7,Poverty headcount ratio at $2.15 a day (2017 PPP) (% of population),Developed
DNK,Denmark,1992,0.5,Poverty headcount ratio at $2.15 a day (2017 PPP) (% of population),Developed
DEU,Germany,1992,0.2,Poverty headcount ratio at $2.15 a day (2017 PPP) (% of population),Developed
LAO,Lao PDR,1992,42.1,Poverty headcount ratio at $2.15 a day (2017 PPP) (% of population),Southeast Asia
MYS,Malaysia,1992,5.0,Poverty headcount ratio at $2.15 a day (2017 PPP) (% of population),Southeast Asia
SWE,Sweden,1992,0.2,Poverty headcount ratio at $2.15 a day (2017 PPP) (% of population),Developed
CHE,Switzerland,1992,0.7,Poverty headcount ratio at $2.15 a day (2017 PPP) (% of population),Developed
THA,Thailand,1992,16.2,Poverty headcount ratio at $2.15 a day (2017 PPP) (% of population),Southeast Asia
GBR,United Kingdom,1992,0.2,Poverty headcount ratio at $2.15 a day (2017 PPP) (% of population),Developed
USA,United States,1992,0.5,Poverty headcount ratio at $2.15 a day (2017 PPP) (% of population),Developed
VNM,Viet Nam,1992,57.5,Poverty headcount ratio at $2.15 a day (2017 PPP) (% of population),Southeast Asia
CAN,Canada,1993,1.2,Poverty headcount ratio at $2.15 a day (2017 PPP) (% of population),Developed
DEU,Germany,1993,0.0,Poverty headcount ratio at $2.15 a day (2017 PPP) (% of population),Developed
IDN,Indonesia,1993,78.0,Poverty headcount ratio at $2.15 a day (2017 PPP) (% of population),Southeast Asia
ITA,Italy,1993,1.4,Poverty headcount ratio at $2.15 a day (2017 PPP) (% of population),Developed
NLD,Netherlands,1993,1.5,Poverty headcount ratio at $2.15 a day (2017 PPP) (% of population),Developed
ESP,Spain,1993,1.5,Poverty headcount ratio at $2.15 a day (2017 PPP) (% of population),Developed
GBR,United Kingdom,1993,0.2,Poverty headcount ratio at $2.15 a day (2017 PPP) (% of population),Developed
USA,United States,1993,0.7,Poverty headcount ratio at $2.15 a day (2017 PPP) (% of population),Developed
AUT,Austria,1994,0.2,Poverty headcount ratio at $2.15 a day (2017 PPP) (% of population),Developed
CAN,Canada,1994,1.0,Poverty headcount ratio at $2.15 a day (2017 PPP) (% of population),Developed
DEU,Germany,1994,0.2,Poverty headcount ratio at $2.15 a day (2017 PPP) (% of population),Developed
PHL,Philippines,1994,38.8,Poverty headcount ratio at $2.15 a day (2017 PPP) (% of population),Southeast Asia
ESP,Spain,1994,1.2,Poverty headcount ratio at $2.15 a day (2017 PPP) (% of population),Developed
THA,Thailand,1994,9.2,Poverty headcount ratio at $2.15 a day (2017 PPP) (% of population),Southeast Asia
GBR,United Kingdom,1994,0.2,Poverty headcount ratio at $2.15 a day (2017 PPP) (% of population),Developed
USA,United States,1994,0.7,Poverty headcount ratio at $2.15 a day (2017 PPP) (% of population),Developed
AUS,Australia,1995,1.0,Poverty headcount ratio at $2.15 a day (2017 PPP) (% of population),Developed
AUT,Austria,1995,0.0,Poverty headcount ratio at $2.15 a day (2017 PPP) (% of population),Developed
BEL,Belgium,1995,0.7,Poverty headcount ratio at $2.15 a day (2017 PPP) (% of population),Developed
CAN,Canada,1995,0.7,Poverty headcount ratio at $2.15 a day (2017 PPP) (% of population),Developed
DNK,Denmark,1995,0.0,Poverty headcount ratio at $2.15 a day (2017 PPP) (% of population),Developed
FIN,Finland,1995,0.0,Poverty headcount ratio at $2.15 a day (2017 PPP) (% of population),Developed
DEU,Germany,1995,0.2,Poverty headcount ratio at $2.15 a day (2017 PPP) (% of population),Developed
ITA,Italy,1995,0.7,Poverty headcount ratio at $2.15 a day (2017 PPP) (% of population),Developed
MYS,Malaysia,1995,5.2,Poverty headcount ratio at $2.15 a day (2017 PPP) (% of population),Southeast Asia
NOR,Norway,1995,0.5,Poverty headcount ratio at $2.15 a day (2017 PPP) (% of population),Developed
ESP,Spain,1995,1.5,Poverty headcount ratio at $2.15 a day (2017 PPP) (% of population),Developed
SWE,Sweden,1995,0.5,Poverty headcount ratio at $2.15 a day (2017 PPP) (% of population),Developed
GBR,United Kingdom,1995,0.2,Poverty headcount ratio at $2.15 a day (2017 PPP) (% of population),Developed
USA,United States,1995,0.7,Poverty headcount ratio at $2.15 a day (2017 PPP) (% of population),Developed
AUT,Austria,1996,0.0,Poverty headcount ratio at $2.15 a day (2017 PPP) (% of population),Developed
CAN,Canada,1996,0.5,Poverty headcount ratio at $2.15 a day (2017 PPP) (% of population),Developed
FRA,France,1996,0.2,Poverty headcount ratio at $2.15 a day (2017 PPP) (% of population),Developed
DEU,Germany,1996,0.0,Poverty headcount ratio at $2.15 a day (2017 PPP) (% of population),Developed
IDN,Indonesia,1996,68.1,Poverty headcount ratio at $2.15 a day (2017 PPP) (% of population),Southeast Asia
ESP,Spain,1996,1.5,Poverty headcount ratio at $2.15 a day (2017 PPP) (% of population),Developed
THA,Thailand,1996,6.4,Poverty headcount ratio at $2.15 a day (2017 PPP) (% of population),Southeast Asia
GBR,United Kingdom,1996,0.2,Poverty headcount ratio at $2.15 a day (2017 PPP) (% of population),Developed
USA,United States,1996,0.7,Poverty headcount ratio at $2.15 a day (2017 PPP) (% of population),Developed
AUT,Austria,1997,0.2,Poverty headcount ratio at $2.15 a day (2017 PPP) (% of population),Developed
BEL,Belgium,1997,0.5,Poverty headcount ratio at $2.15 a day (2017 PPP) (% of population),Developed
CAN,Canada,1997,0.5,Poverty headcount ratio at $2.15 a day (2017 PPP) (% of population),Developed
FRA,France,1997,0.2,Poverty headcount ratio at $2.15 a day (2017 PPP) (% of population),Developed
DEU,Germany,1997,0.0,Poverty headcount ratio at $2.15 a day (2017 PPP) (% of population),Developed
LAO,Lao PDR,1997,62.0,Poverty headcount ratio at $2.15 a day (2017 PPP) (% of population),Southeast Asia
MYS,Malaysia,1997,1.7,Poverty headcount ratio at $2.15 a day (2017 PPP) (% of population),Southeast Asia
PHL,Philippines,1997,30.7,Poverty headcount ratio at $2.15 a day (2017 PPP) (% of population),Southeast Asia
ESP,Spain,1997,1.0,Poverty headcount ratio at $2.15 a day (2017 PPP) (% of population),Developed
GBR,United Kingdom,1997,0.2,Poverty headcount ratio at $2.15 a day (2017 PPP) (% of population),Developed
USA,United States,1997,0.7,Poverty headcount ratio at $2.15 a day (2017 PPP) (% of population),Developed
VNM,Viet Nam,1997,38.1,Poverty headcount ratio at $2.15 a day (2017 PPP) (% of population),Southeast Asia
AUT,Austria,1998,0.2,Poverty headcount ratio at $2.15 a day (2017 PPP) (% of population),Developed
CAN,Canada,1998,0.5,Poverty headcount ratio at $2.15 a day (2017 PPP) (% of population),Developed
FRA,France,1998,0.0,Poverty headcount ratio at $2.15 a day (2017 PPP) (% of population),Developed
DEU,Germany,1998,0.0,Poverty headcount ratio at $2.15 a day (2017 PPP) (% of population),Developed
IDN,Indonesia,1998,82.8,Poverty headcount ratio at $2.15 a day (2017 PPP) (% of population),Southeast Asia
ITA,Italy,1998,1.7,Poverty headcount ratio at $2.15 a day (2017 PPP) (% of population),Developed
ESP,Spain,1998,1.0,Poverty headcount ratio at $2.15 a day (2017 PPP) (% of population),Developed
THA,Thailand,1998,5.7,Poverty headcount ratio at $2.15 a day (2017 PPP) (% of population),Southeast Asia
GBR,United Kingdom,1998,0.2,Poverty headcount ratio at $2.15 a day (2017 PPP) (% of population),Developed
USA,United States,1998,0.7,Poverty headcount ratio at $2.15 a day (2017 PPP) (% of population),Developed
AUT,Austria,1999,0.2,Poverty headcount ratio at $2.15 a day (2017 PPP) (% of population),Developed
CAN,Canada,1999,0.5,Poverty headcount ratio at $2.15 a day (2017 PPP) (% of population),Developed
FRA,France,1999,0.0,Poverty headcount ratio at $2.15 a day (2017 PPP) (% of population),Developed
DEU,Germany,1999,0.0,Poverty headcount ratio at $2.15 a day (2017 PPP) (% of population),Developed
IDN,Indonesia,1999,66.2,Poverty headcount ratio at $2.15 a day (2017 PPP) (% of population),Southeast Asia
NLD,Netherlands,1999,0.2,Poverty headcount ratio at $2.15 a day (2017 PPP) (% of population),Developed
ESP,Spain,1999,0.7,Poverty headcount ratio at $2.15 a day (2017 PPP) (% of population),Developed
THA,Thailand,1999,8.3,Poverty headcount ratio at $2.15 a day (2017 PPP) (% of population),Southeast Asia
GBR,United Kingdom,1999,0.2,Poverty headcount ratio at $2.15 a day (2017 PPP) (% of population),Developed
USA,United States,1999,0.7,Poverty headcount ratio at $2.15 a day (2017 PPP) (% of population),Developed
AUT,Austria,2000,0.2,Poverty headcount ratio at $2.15 a day (2017 PPP) (% of population),Developed
BEL,Belgium,2000,0.3,Poverty headcount ratio at $2.15 a day (2017 PPP) (% of population),Developed
CAN,Canada,2000,0.2,Poverty headcount ratio at $2.15 a day (2017 PPP) (% of population),Developed
DNK,Denmark,2000,0.0,Poverty headcount ratio at $2.15 a day (2017 PPP) (% of population),Developed
FIN,Finland,2000,0.0,Poverty headcount ratio at $2.15 a day (2017 PPP) (% of population),Developed
FRA,France,2000,0.0,Poverty headcount ratio at $2.15 a day (2017 PPP) (% of population),Developed
DEU,Germany,2000,0.0,Poverty headcount ratio at $2.15 a day (2017 PPP) (% of population),Developed
IDN,Indonesia,2000,65.7,Poverty headcount ratio at $2.15 a day (2017 PPP) (% of population),Southeast Asia
ITA,Italy,2000,1.2,Poverty headcount ratio at $2.15 a day (2017 PPP) (% of population),Developed
NOR,Norway,2000,0.2,Poverty headcount ratio at $2.15 a day (2017 PPP) (% of population),Developed
PHL,Philippines,2000,25.9,Poverty headcount ratio at $2.15 a day (2017 PPP) (% of population),Southeast Asia
ESP,Spain,2000,0.9,Poverty headcount ratio at $2.15 a day (2017 PPP) (% of population),Developed
SWE,Sweden,2000,0.2,Poverty headcount ratio at $2.15 a day (2017 PPP) (% of population),Developed
CHE,Switzerland,2000,0.2,Poverty headcount ratio at $2.15 a day (2017 PPP) (% of population),Developed
THA,Thailand,2000,8.4,Poverty headcount ratio at $2.15 a day (2017 PPP) (% of population),Southeast Asia
GBR,United Kingdom,2000,0.2,Poverty headcount ratio at $2.15 a day (2017 PPP) (% of population),Developed
USA,United States,2000,0.7,Poverty headcount ratio at $2.15 a day (2017 PPP) (% of population),Developed
AUS,Australia,2001,1.0,Poverty headcount ratio at $2.15 a day (2017 PPP) (% of population),Developed
CAN,Canada,2001,0.2,Poverty headcount ratio at $2.15 a day (2017 PPP) (% of population),Developed
FRA,France,2001,0.0,Poverty headcount ratio at $2.15 a day (2017 PPP) (% of population),Developed
DEU,Germany,2001,0.0,Poverty headcount ratio at $2.15 a day (2017 PPP) (% of population),Developed
IDN,Indonesia,2001,62.3,Poverty headcount ratio at $2.15 a day (2017 PPP) (% of population),Southeast Asia
SWE,Sweden,2001,0.2,Poverty headcount ratio at $2.15 a day (2017 PPP) (% of population),Developed
GBR,United Kingdom,2001,0.2,Poverty headcount ratio at $2.15 a day (2017 PPP) (% of population),Developed
USA,United States,2001,1.0,Poverty headcount ratio at $2.15 a day (2017 PPP) (% of population),Developed
CAN,Canada,2002,0.2,Poverty headcount ratio at $2.15 a day (2017 PPP) (% of population),Developed
FRA,France,2002,0.0,Poverty headcount ratio at $2.15 a day (2017 PPP) (% of population),Developed
DEU,Germany,2002,0.0,Poverty headcount ratio at $2.15 a day (2017 PPP) (% of population),Developed
IDN,Indonesia,2002,46.8,Poverty headcount ratio at $2.15 a day (2017 PPP) (% of population),Southeast Asia
ITA,Italy,2002,1.7,Poverty headcount ratio at $2.15 a day (2017 PPP) (% of population),Developed
LAO,Lao PDR,2002,43.1,Poverty headcount ratio at $2.15 a day (2017 PPP) (% of population),Southeast Asia
SWE,Sweden,2002,0.0,Poverty headcount ratio at $2.15 a day (2017 PPP) (% of population),Developed
CHE,Switzerland,2002,0.0,Poverty headcount ratio at $2.15 a day (2017 PPP) (% of population),Developed
THA,Thailand,2002,4.7,Poverty headcount ratio at $2.15 a day (2017 PPP) (% of population),Southeast Asia
GBR,United Kingdom,2002,0.2,Poverty headcount ratio at $2.15 a day (2017 PPP) (% of population),Developed
USA,United States,2002,1.0,Poverty headcount ratio at $2.15 a day (2017 PPP) (% of population),Developed
VNM,Viet Nam,2002,43.3,Poverty headcount ratio at $2.15 a day (2017 PPP) (% of population),Southeast Asia
AUS,Australia,2003,1.0,Poverty headcount ratio at $2.15 a day (2017 PPP) (% of population),Developed
AUT,Austria,2003,0.4,Poverty headcount ratio at $2.15 a day (2017 PPP) (% of population),Developed
BEL,Belgium,2003,0.4,Poverty headcount ratio at $2.15 a day (2017 PPP) (% of population),Developed
CAN,Canada,2003,0.2,Poverty headcount ratio at $2.15 a day (2017 PPP) (% of population),Developed
DNK,Denmark,2003,0.4,Poverty headcount ratio at $2.15 a day (2017 PPP) (% of population),Developed
FIN,Finland,2003,0.0,Poverty headcount ratio at $2.15 a day (2017 PPP) (% of population),Developed
FRA,France,2003,0.2,Poverty headcount ratio at $2.15 a day (2017 PPP) (% of population),Developed
DEU,Germany,2003,0.2,Poverty headcount ratio at $2.15 a day (2017 PPP) (% of population),Developed
IDN,Indonesia,2003,45.5,Poverty headcount ratio at $2.15 a day (2017 PPP) (% of population),Southeast Asia
ITA,Italy,2003,0.9,Poverty headcount ratio at $2.15 a day (2017 PPP) (% of population),Developed
MYS,Malaysia,2003,3.2,Poverty headcount ratio at $2.15 a day (2017 PPP) (% of population),Southeast Asia
NOR,Norway,2003,0.2,Poverty headcount ratio at $2.15 a day (2017 PPP) (% of population),Developed
PHL,Philippines,2003,24.3,Poverty headcount ratio at $2.15 a day (2017 PPP) (% of population),Southeast Asia
ESP,Spain,2003,0.9,Poverty headcount ratio at $2.15 a day (2017 PPP) (% of population),Developed
SWE,Sweden,2003,0.4,Poverty headcount ratio at $2.15 a day (2017 PPP) (% of population),Developed
GBR,United Kingdom,2003,0.2,Poverty headcount ratio at $2.15 a day (2017 PPP) (% of population),Developed
USA,United States,2003,1.0,Poverty headcount ratio at $2.15 a day (2017 PPP) (% of population),Developed
AUS,Australia,2004,0.7,Poverty headcount ratio at $2.15 a day (2017 PPP) (% of population),Developed
AUT,Austria,2004,0.1,Poverty headcount ratio at $2.15 a day (2017 PPP) (% of population),Developed
BEL,Belgium,2004,0.1,Poverty headcount ratio at $2.15 a day (2017 PPP) (% of population),Developed
CAN,Canada,2004,0.2,Poverty headcount ratio at $2.15 a day (2017 PPP) (% of population),Developed
DNK,Denmark,2004,0.3,Poverty headcount ratio at $2.15 a day (2017 PPP) (% of population),Developed
FIN,Finland,2004,0.0,Poverty headcount ratio at $2.15 a day (2017 PPP) (% of population),Developed
FRA,France,2004,0.1,Poverty headcount ratio at $2.15 a day (2017 PPP) (% of population),Developed
DEU,Germany,2004,0.0,Poverty headcount ratio at $2.15 a day (2017 PPP) (% of population),Developed
IDN,Indonesia,2004,45.4,Poverty headcount ratio at $2.15 a day (2017 PPP) (% of population),Southeast Asia
ITA,Italy,2004,0.8,Poverty headcount ratio at $2.15 a day (2017 PPP) (% of population),Developed
NLD,Netherlands,2004,0.3,Poverty headcount ratio at $2.15 a day (2017 PPP) (% of population),Developed
NOR,Norway,2004,0.3,Poverty headcount ratio at $2.15 a day (2017 PPP) (% of population),Developed
ESP,Spain,2004,1.0,Poverty headcount ratio at $2.15 a day (2017 PPP) (% of population),Developed
SWE,Sweden,2004,0.5,Poverty headcount ratio at $2.15 a day (2017 PPP) (% of population),Developed
CHE,Switzerland,2004,0.2,Poverty headcount ratio at $2.15 a day (2017 PPP) (% of population),Developed
THA,Thailand,2004,3.1,Poverty headcount ratio at $2.15 a day (2017 PPP) (% of population),Southeast Asia
GBR,United Kingdom,2004,0.2,Poverty headcount ratio at $2.15 a day (2017 PPP) (% of population),Developed
USA,United States,2004,1.0,Poverty headcount ratio at $2.15 a day (2017 PPP) (% of population),Developed
VNM,Viet Nam,2004,30.9,Poverty headcount ratio at $2.15 a day (2017 PPP) (% of population),Southeast Asia
AUT,Austria,2005,0.2,Poverty headcount ratio at $2.15 a day (2017 PPP) (% of population),Developed
BEL,Belgium,2005,0.3,Poverty headcount ratio at $2.15 a day (2017 PPP) (% of population),Developed
CAN,Canada,2005,0.2,Poverty headcount ratio at $2.15 a day (2017 PPP) (% of population),Developed
DNK,Denmark,2005,0.3,Poverty headcount ratio at $2.15 a day (2017 PPP) (% of population),Developed
FIN,Finland,2005,0.1,Poverty headcount ratio at $2.15 a day (2017 PPP) (% of population),Developed
FRA,France,2005,0.1,Poverty headcount ratio at $2.15 a day (2017 PPP) (% of population),Developed
DEU,Germany,2005,0.0,Poverty headcount ratio at $2.15 a day (2017 PPP) (% of population),Developed
IDN,Indonesia,2005,41.1,Poverty headcount ratio at $2.15 a day (2017 PPP) (% of population),Southeast Asia
ITA,Italy,2005,0.8,Poverty headcount ratio at $2.15 a day (2017 PPP) (% of population),Developed
NLD,Netherlands,2005,0.1,Poverty headcount ratio at $2.15 a day (2017 PPP) (% of population),Developed
NOR,Norway,2005,0.2,Poverty headcount ratio at $2.15 a day (2017 PPP) (% of population),Developed
ESP,Spain,2005,0.9,Poverty headcount ratio at $2.15 a day (2017 PPP) (% of population),Developed
SWE,Sweden,2005,1.1,Poverty headcount ratio at $2.15 a day (2017 PPP) (% of population),Developed
GBR,United Kingdom,2005,0.2,Poverty headcount ratio at $2.15 a day (2017 PPP) (% of population),Developed
USA,United States,2005,1.0,Poverty headcount ratio at $2.15 a day (2017 PPP) (% of population),Developed
AUT,Austria,2006,0.1,Poverty headcount ratio at $2.15 a day (2017 PPP) (% of population),Developed
BEL,Belgium,2006,0.2,Poverty headcount ratio at $2.15 a day (2017 PPP) (% of population),Developed
CAN,Canada,2006,0.2,Poverty headcount ratio at $2.15 a day (2017 PPP) (% of population),Developed
DNK,Denmark,2006,0.2,Poverty headcount ratio at $2.15 a day (2017 PPP) (% of population),Developed
FIN,Finland,2006,0.1,Poverty headcount ratio at $2.15 a day (2017 PPP) (% of population),Developed
FRA,France,2006,0.0,Poverty headcount ratio at $2.15 a day (2017 PPP) (% of population),Developed
DEU,Germany,2006,0.0,Poverty headcount ratio at $2.15 a day (2017 PPP) (% of population),Developed
IDN,Indonesia,2006,46.8,Poverty headcount ratio at $2.15 a day (2017 PPP) (% of population),Southeast Asia
ITA,Italy,2006,0.8,Poverty headcount ratio at $2.15 a day (2017 PPP) (% of population),Developed
MYS,Malaysia,2006,1.7,Poverty headcount ratio at $2.15 a day (2017 PPP) (% of population),Southeast Asia
NLD,Netherlands,2006,0.0,Poverty headcount ratio at $2.15 a day (2017 PPP) (% of population),Developed
NOR,Norway,2006,0.2,Poverty headcount ratio at $2.15 a day (2017 PPP) (% of population),Developed
PHL,Philippines,2006,26.1,Poverty headcount ratio at $2.15 a day (2017 PPP) (% of population),Southeast Asia
ESP,Spain,2006,0.9,Poverty headcount ratio at $2.15 a day (2017 PPP) (% of population),Developed
SWE,Sweden,2006,0.4,Poverty headcount ratio at $2.15 a day (2017 PPP) (% of population),Developed
CHE,Switzerland,2006,0.1,Poverty headcount ratio at $2.15 a day (2017 PPP) (% of population),Developed
THA,Thailand,2006,2.2,Poverty headcount ratio at $2.15 a day (2017 PPP) (% of population),Southeast Asia
GBR,United Kingdom,2006,0.2,Poverty headcount ratio at $2.15 a day (2017 PPP) (% of population),Developed
USA,United States,2006,1.0,Poverty headcount ratio at $2.15 a day (2017 PPP) (% of population),Developed
VNM,Viet Nam,2006,23.7,Poverty headcount ratio at $2.15 a day (2017 PPP) (% of population),Southeast Asia
AUT,Austria,2007,0.4,Poverty headcount ratio at $2.15 a day (2017 PPP) (% of population),Developed
BEL,Belgium,2007,0.2,Poverty headcount ratio at $2.15 a day (2017 PPP) (% of population),Developed
CAN,Canada,2007,0.2,Poverty headcount ratio at $2.15 a day (2017 PPP) (% of population),Developed
DNK,Denmark,2007,0.1,Poverty headcount ratio at $2.15 a day (2017 PPP) (% of population),Developed
FIN,Finland,2007,0.1,Poverty headcount ratio at $2.15 a day (2017 PPP) (% of population),Developed
FRA,France,2007,0.0,Poverty headcount ratio at $2.15 a day (2017 PPP) (% of population),Developed
DEU,Germany,2007,0.0,Poverty headcount ratio at $2.15 a day (2017 PPP) (% of population),Developed
IDN,Indonesia,2007,41.1,Poverty headcount ratio at $2.15 a day (2017 PPP) (% of population),Southeast Asia
ITA,Italy,2007,0.8,Poverty headcount ratio at $2.15 a day (2017 PPP) (% of population),Developed
LAO,Lao PDR,2007,36.0,Poverty headcount ratio at $2.15 a day (2017 PPP) (% of population),Southeast Asia
NLD,Netherlands,2007,0.0,Poverty headcount ratio at $2.15 a day (2017 PPP) (% of population),Developed
NOR,Norway,2007,0.2,Poverty headcount ratio at $2.15 a day (2017 PPP) (% of population),Developed
ESP,Spain,2007,0.6,Poverty headcount ratio at $2.15 a day (2017 PPP) (% of population),Developed
SWE,Sweden,2007,0.5,Poverty headcount ratio at $2.15 a day (2017 PPP) (% of population),Developed
CHE,Switzerland,2007,0.1,Poverty headcount ratio at $2.15 a day (2017 PPP) (% of population),Developed
THA,Thailand,2007,1.3,Poverty headcount ratio at $2.15 a day (2017 PPP) (% of population),Southeast Asia
GBR,United Kingdom,2007,0.2,Poverty headcount ratio at $2.15 a day (2017 PPP) (% of population),Developed
USA,United States,2007,1.0,Poverty headcount ratio at $2.15 a day (2017 PPP) (% of population),Developed
AUS,Australia,2008,0.7,Poverty headcount ratio at $2.15 a day (2017 PPP) (% of population),Developed
AUT,Austria,2008,0.5,Poverty headcount ratio at $2.15 a day (2017 PPP) (% of population),Developed
BEL,Belgium,2008,0.1,Poverty headcount ratio at $2.15 a day (2017 PPP) (% of population),Developed
CAN,Canada,2008,0.2,Poverty headcount ratio at $2.15 a day (2017 PPP) (% of population),Developed
DNK,Denmark,2008,0.3,Poverty headcount ratio at $2.15 a day (2017 PPP) (% of population),Developed
FIN,Finland,2008,0.1,Poverty headcount ratio at $2.15 a day (2017 PPP) (% of population),Developed
FRA,France,2008,0.0,Poverty headcount ratio at $2.15 a day (2017 PPP) (% of population),Developed
DEU,Germany,2008,0.0,Poverty headcount ratio at $2.15 a day (2017 PPP) (% of population),Developed
IDN,Indonesia,2008,38.0,Poverty headcount ratio at $2.15 a day (2017 PPP) (% of population),Southeast Asia
ITA,Italy,2008,0.9,Poverty headcount ratio at $2.15 a day (2017 PPP) (% of population),Developed
JPN,Japan,2008,1.0,Poverty headcount ratio at $2.15 a day (2017 PPP) (% of population),Developed
MYS,Malaysia,2008,1.5,Poverty headcount ratio at $2.15 a day (2017 PPP) (% of population),Southeast Asia
NLD,Netherlands,2008,0.2,Poverty headcount ratio at $2.15 a day (2017 PPP) (% of population),Developed
NOR,Norway,2008,0.2,Poverty headcount ratio at $2.15 a day (2017 PPP) (% of population),Developed
ESP,Spain,2008,0.6,Poverty headcount ratio at $2.15 a day (2017 PPP) (% of population),Developed
SWE,Sweden,2008,0.7,Poverty headcount ratio at $2.15 a day (2017 PPP) (% of population),Developed
CHE,Switzerland,2008,0.1,Poverty headcount ratio at $2.15 a day (2017 PPP) (% of population),Developed
THA,Thailand,2008,1.0,Poverty headcount ratio at $2.15 a day (2017 PPP) (% of population),Southeast Asia
GBR,United Kingdom,2008,0.2,Poverty headcount ratio at $2.15 a day (2017 PPP) (% of population),Developed
USA,United States,2008,1.0,Poverty headcount ratio at $2.15 a day (2017 PPP) (% of population),Developed
VNM,Viet Nam,2008,17.6,Poverty headcount ratio at $2.15 a day (2017 PPP) (% of population),Southeast Asia
AUT,Austria,2009,0.7,Poverty headcount ratio at $2.15 a day (2017 PPP) (% of population),Developed
BEL,Belgium,2009,0.1,Poverty headcount ratio at $2.15 a day (2017 PPP) (% of population),Developed
CAN,Canada,2009,0.2,Poverty headcount ratio at $2.15 a day (2017 PPP) (% of population),Developed
DNK,Denmark,2009,0.6,Poverty headcount ratio at $2.15 a day (2017 PPP) (% of population),Developed
FIN,Finland,2009,0.1,Poverty headcount ratio at $2.15 a day (2017 PPP) (% of population),Developed
FRA,France,2009,0.1,Poverty headcount ratio at $2.15 a day (2017 PPP) (% of population),Developed
DEU,Germany,2009,0.0,Poverty headcount ratio at $2.15 a day (2017 PPP) (% of population),Developed
IDN,Indonesia,2009,37.9,Poverty headcount ratio at $2.15 a day (2017 PPP) (% of population),Southeast Asia
ITA,Italy,2009,1.1,Poverty headcount ratio at $2.15 a day (2017 PPP) (% of population),Developed
JPN,Japan,2009,0.9,Poverty headcount ratio at $2.15 a day (2017 PPP) (% of population),Developed
NLD,Netherlands,2009,0.2,Poverty headcount ratio at $2.15 a day (2017 PPP) (% of population),Developed
NOR,Norway,2009,0.1,Poverty headcount ratio at $2.15 a day (2017 PPP) (% of population),Developed
PHL,Philippines,2009,22.0,Poverty headcount ratio at $2.15 a day (2017 PPP) (% of population),Southeast Asia
ESP,Spain,2009,0.9,Poverty headcount ratio at $2.15 a day (2017 PPP) (% of population),Developed
SWE,Sweden,2009,0.5,Poverty headcount ratio at $2.15 a day (2017 PPP) (% of population),Developed
CHE,Switzerland,2009,0.0,Poverty headcount ratio at $2.15 a day (2017 PPP) (% of population),Developed
THA,Thailand,2009,0.8,Poverty headcount ratio at $2.15 a day (2017 PPP) (% of population),Southeast Asia
GBR,United Kingdom,2009,0.2,Poverty headcount ratio at $2.15 a day (2017 PPP) (% of population),Developed
USA,United States,2009,1.0,Poverty headcount ratio at $2.15 a day (2017 PPP) (% of population),Developed
AUS,Australia,2010,0.3,Poverty headcount ratio at $2.15 a day (2017 PPP) (% of population),Developed
AUT,Austria,2010,0.5,Poverty headcount ratio at $2.15 a day (2017 PPP) (% of population),Developed
BEL,Belgium,2010,0.1,Poverty headcount ratio at $2.15 a day (2017 PPP) (% of population),Developed
CAN,Canada,2010,0.2,Poverty headcount ratio at $2.15 a day (2017 PPP) (% of population),Developed
DNK,Denmark,2010,0.1,Poverty headcount ratio at $2.15 a day (2017 PPP) (% of population),Developed
FIN,Finland,2010,0.1,Poverty headcount ratio at $2.15 a day (2017 PPP) (% of population),Developed
FRA,France,2010,0.1,Poverty headcount ratio at $2.15 a day (2017 PPP) (% of population),Developed
DEU,Germany,2010,0.0,Poverty headcount ratio at $2.15 a day (2017 PPP) (% of population),Developed
IDN,Indonesia,2010,34.1,Poverty headcount ratio at $2.15 a day (2017 PPP) (% of population),Southeast Asia
ITA,Italy,2010,1.4,Poverty headcount ratio at $2.15 a day (2017 PPP) (% of population),Developed
JPN,Japan,2010,0.7,Poverty headcount ratio at $2.15 a day (2017 PPP) (% of population),Developed
NLD,Netherlands,2010,0.0,Poverty headcount ratio at $2.15 a day (2017 PPP) (% of population),Developed
NOR,Norway,2010,0.2,Poverty headcount ratio at $2.15 a day (2017 PPP) (% of population),Developed
ESP,Spain,2010,0.7,Poverty headcount ratio at $2.15 a day (2017 PPP) (% of population),Developed
SWE,Sweden,2010,0.6,Poverty headcount ratio at $2.15 a day (2017 PPP) (% of population),Developed
CHE,Switzerland,2010,0.1,Poverty headcount ratio at $2.15 a day (2017 PPP) (% of population),Developed
THA,Thailand,2010,0.7,Poverty headcount ratio at $2.15 a day (2017 PPP) (% of population),Southeast Asia
GBR,United Kingdom,2010,0.2,Poverty headcount ratio at $2.15 a day (2017 PPP) (% of population),Developed
USA,United States,2010,1.2,Poverty headcount ratio at $2.15 a day (2017 PPP) (% of population),Developed
VNM,Viet Nam,2010,5.2,Poverty headcount ratio at $2.15 a day (2017 PPP) (% of population),Southeast Asia
AUT,Austria,2011,0.5,Poverty headcount ratio at $2.15 a day (2017 PPP) (% of population),Developed
BEL,Belgium,2011,0.2,Poverty headcount ratio at $2.15 a day (2017 PPP) (% of population),Developed
CAN,Canada,2011,0.2,Poverty headcount ratio at $2.15 a day (2017 PPP) (% of population),Developed
DNK,Denmark,2011,0.0,Poverty headcount ratio at $2.15 a day (2017 PPP) (% of population),Developed
FIN,Finland,2011,0.1,Poverty headcount ratio at $2.15 a day (2017 PPP) (% of population),Developed
FRA,France,2011,0.0,Poverty headcount ratio at $2.15 a day (2017 PPP) (% of population),Developed
DEU,Germany,2011,0.0,Poverty headcount ratio at $2.15 a day (2017 PPP) (% of population),Developed
IDN,Indonesia,2011,31.2,Poverty headcount ratio at $2.15 a day (2017 PPP) (% of population),Southeast Asia
ITA,Italy,2011,1.3,Poverty headcount ratio at $2.15 a day (2017 PPP) (% of population),Developed
JPN,Japan,2011,0.5,Poverty headcount ratio at $2.15 a day (2017 PPP) (% of population),Developed
MYS,Malaysia,2011,0.4,Poverty headcount ratio at $2.15 a day (2017 PPP) (% of population),Southeast Asia
NLD,Netherlands,2011,0.1,Poverty headcount ratio at $2.15 a day (2017 PPP) (% of population),Developed
NOR,Norway,2011,0.1,Poverty headcount ratio at $2.15 a day (2017 PPP) (% of population),Developed
ESP,Spain,2011,1.3,Poverty headcount ratio at $2.15 a day (2017 PPP) (% of population),Developed
SWE,Sweden,2011,0.7,Poverty headcount ratio at $2.15 a day (2017 PPP) (% of population),Developed
CHE,Switzerland,2011,0.0,Poverty headcount ratio at $2.15 a day (2017 PPP) (% of population),Developed
THA,Thailand,2011,0.3,Poverty headcount ratio at $2.15 a day (2017 PPP) (% of population),Southeast Asia
GBR,United Kingdom,2011,0.2,Poverty headcount ratio at $2.15 a day (2017 PPP) (% of population),Developed
USA,United States,2011,1.0,Poverty headcount ratio at $2.15 a day (2017 PPP) (% of population),Developed
AUT,Austria,2012,0.7,Poverty headcount ratio at $2.15 a day (2017 PPP) (% of population),Developed
BEL,Belgium,2012,0.2,Poverty headcount ratio at $2.15 a day (2017 PPP) (% of population),Developed
CAN,Canada,2012,0.2,Poverty headcount ratio at $2.15 a day (2017 PPP) (% of population),Developed
DNK,Denmark,2012,0.0,Poverty headcount ratio at $2.15 a day (2017 PPP) (% of population),Developed
FIN,Finland,2012,0.1,Poverty headcount ratio at $2.15 a day (2017 PPP) (% of population),Developed
FRA,France,2012,0.1,Poverty headcount ratio at $2.15 a day (2017 PPP) (% of population),Developed
DEU,Germany,2012,0.0,Poverty headcount ratio at $2.15 a day (2017 PPP) (% of population),Developed
IDN,Indonesia,2012,26.6,Poverty headcount ratio at $2.15 a day (2017 PPP) (% of population),Southeast Asia
ITA,Italy,2012,1.4,Poverty headcount ratio at $2.15 a day (2017 PPP) (% of population),Developed
JPN,Japan,2012,1.5,Poverty headcount ratio at $2.15 a day (2017 PPP) (% of population),Developed
LAO,Lao PDR,2012,21.7,Poverty headcount ratio at $2.15 a day (2017 PPP) (% of population),Southeast Asia
NLD,Netherlands,2012,0.1,Poverty headcount ratio at $2.15 a day (2017 PPP) (% of population),Developed
NOR,Norway,2012,0.1,Poverty headcount ratio at $2.15 a day (2017 PPP) (% of population),Developed
PHL,Philippines,2012,21.3,Poverty headcount ratio at $2.15 a day (2017 PPP) (% of population),Southeast Asia
ESP,Spain,2012,1.0,Poverty headcount ratio at $2.15 a day (2017 PPP) (% of population),Developed
SWE,Sweden,2012,0.5,Poverty headcount ratio at $2.15 a day (2017 PPP) (% of population),Developed
CHE,Switzerland,2012,0.0,Poverty headcount ratio at $2.15 a day (2017 PPP) (% of population),Developed
THA,Thailand,2012,0.4,Poverty headcount ratio at $2.15 a day (2017 PPP) (% of population),Southeast Asia
GBR,United Kingdom,2012,0.5,Poverty headcount ratio at $2.15 a day (2017 PPP) (% of population),Developed
USA,United States,2012,1.0,Poverty headcount ratio at $2.15 a day (2017 PPP) (% of population),Developed
VNM,Viet Nam,2012,3.7,Poverty headcount ratio at $2.15 a day (2017 PPP) (% of population),Southeast Asia
AUT,Austria,2013,0.3,Poverty headcount ratio at $2.15 a day (2017 PPP) (% of population),Developed
BEL,Belgium,2013,0.1,Poverty headcount ratio at $2.15 a day (2017 PPP) (% of population),Developed
CAN,Canada,2013,0.5,Poverty headcount ratio at $2.15 a day (2017 PPP) (% of population),Developed
DNK,Denmark,2013,0.3,Poverty headcount ratio at $2.15 a day (2017 PPP) (% of population),Developed
FIN,Finland,2013,0.1,Poverty headcount ratio at $2.15 a day (2017 PPP) (% of population),Developed
FRA,France,2013,0.1,Poverty headcount ratio at $2.15 a day (2017 PPP) (% of population),Developed
DEU,Germany,2013,0.0,Poverty headcount ratio at $2.15 a day (2017 PPP) (% of population),Developed
IDN,Indonesia,2013,27.2,Poverty headcount ratio at $2.15 a day (2017 PPP) (% of population),Southeast Asia
ITA,Italy,2013,1.6,Poverty headcount ratio at $2.15 a day (2017 PPP) (% of population),Developed
JPN,Japan,2013,1.0,Poverty headcount ratio at $2.15 a day (2017 PPP) (% of population),Developed
MYS,Malaysia,2013,0.1,Poverty headcount ratio at $2.15 a day (2017 PPP) (% of population),Southeast Asia
NLD,Netherlands,2013,0.1,Poverty headcount ratio at $2.15 a day (2017 PPP) (% of population),Developed
NOR,Norway,2013,0.2,Poverty headcount ratio at $2.15 a day (2017 PPP) (% of population),Developed
ESP,Spain,2013,1.3,Poverty headcount ratio at $2.15 a day (2017 PPP) (% of population),Developed
SWE,Sweden,2013,0.7,Poverty headcount ratio at $2.15 a day (2017 PPP) (% of population),Developed
CHE,Switzerland,2013,0.0,Poverty headcount ratio at $2.15 a day (2017 PPP) (% of population),Developed
THA,Thailand,2013,0.2,Poverty headcount ratio at $2.15 a day (2017 PPP) (% of population),Southeast Asia
GBR,United Kingdom,2013,0.2,Poverty headcount ratio at $2.15 a day (2017 PPP) (% of population),Developed
USA,United States,2013,1.0,Poverty headcount ratio at $2.15 a day (2017 PPP) (% of population),Developed
AUS,Australia,2014,0.5,Poverty headcount ratio at $2.15 a day (2017 PPP) (% of population),Developed
AUT,Austria,2014,0.2,Poverty headcount ratio at $2.15 a day (2017 PPP) (% of population),Developed
BEL,Belgium,2014,0.1,Poverty headcount ratio at $2.15 a day (2017 PPP) (% of population),Developed
CAN,Canada,2014,0.2,Poverty headcount ratio at $2.15 a day (2017 PPP) (% of population),Developed
DNK,Denmark,2014,0.2,Poverty headcount ratio at $2.15 a day (2017 PPP) (% of population),Developed
FIN,Finland,2014,0.1,Poverty headcount ratio at $2.15 a day (2017 PPP) (% of population),Developed
FRA,France,2014,0.0,Poverty headcount ratio at $2.15 a day (2017 PPP) (% of population),Developed
DEU,Germany,2014,0.0,Poverty headcount ratio at $2.15 a day (2017 PPP) (% of population),Developed
IDN,Indonesia,2014,25.7,Poverty headcount ratio at $2.15 a day (2017 PPP) (% of population),Southeast Asia
ITA,Italy,2014,1.4,Poverty headcount ratio at $2.15 a day (2017 PPP) (% of population),Developed
JPN,Japan,2014,0.7,Poverty headcount ratio at $2.15 a day (2017 PPP) (% of population),Developed
NLD,Netherlands,2014,0.1,Poverty headcount ratio at $2.15 a day (2017 PPP) (% of population),Developed
NOR,Norway,2014,0.1,Poverty headcount ratio at $2.15 a day (2017 PPP) (% of population),Developed
ESP,Spain,2014,0.9,Poverty headcount ratio at $2.15 a day (2017 PPP) (% of population),Developed
SWE,Sweden,2014,0.5,Poverty headcount ratio at $2.15 a day (2017 PPP) (% of population),Developed
CHE,Switzerland,2014,0.0,Poverty headcount ratio at $2.15 a day (2017 PPP) (% of population),Developed
THA,Thailand,2014,0.2,Poverty headcount ratio at $2.15 a day (2017 PPP) (% of population),Southeast Asia
GBR,United Kingdom,2014,0.2,Poverty headcount ratio at $2.15 a day (2017 PPP) (% of population),Developed
USA,United States,2014,1.2,Poverty headcount ratio at $2.15 a day (2017 PPP) (% of population),Developed
VNM,Viet Nam,2014,3.4,Poverty headcount ratio at $2.15 a day (2017 PPP) (% of population),Southeast Asia
AUT,Austria,2015,0.7,Poverty headcount ratio at $2.15 a day (2017 PPP) (% of population),Developed
BEL,Belgium,2015,0.1,Poverty headcount ratio at $2.15 a day (2017 PPP) (% of population),Developed
CAN,Canada,2015,0.5,Poverty headcount ratio at $2.15 a day (2017 PPP) (% of population),Developed
DNK,Denmark,2015,0.2,Poverty headcount ratio at $2.15 a day (2017 PPP) (% of population),Developed
FIN,Finland,2015,0.1,Poverty headcount ratio at $2.15 a day (2017 PPP) (% of population),Developed
FRA,France,2015,0.1,Poverty headcount ratio at $2.15 a day (2017 PPP) (% of population),Developed
DEU,Germany,2015,0.0,Poverty headcount ratio at $2.15 a day (2017 PPP) (% of population),Developed
IDN,Indonesia,2015,21.6,Poverty headcount ratio at $2.15 a day (2017 PPP) (% of population),Southeast Asia
ITA,Italy,2015,2.1,Poverty headcount ratio at $2.15 a day (2017 PPP) (% of population),Developed
JPN,Japan,2015,0.4,Poverty headcount ratio at $2.15 a day (2017 PPP) (% of population),Developed
MYS,Malaysia,2015,0.1,Poverty headcount ratio at $2.15 a day (2017 PPP) (% of population),Southeast Asia
MMR,Myanmar,2015,18.2,Poverty headcount ratio at $2.15 a day (2017 PPP) (% of population),Southeast Asia
NLD,Netherlands,2015,0.1,Poverty headcount ratio at $2.15 a day (2017 PPP) (% of population),Developed
NOR,Norway,2015,0.2,Poverty headcount ratio at $2.15 a day (2017 PPP) (% of population),Developed
PHL,Philippines,2015,14.6,Poverty headcount ratio at $2.15 a day (2017 PPP) (% of population),Southeast Asia
ESP,Spain,2015,1.1,Poverty headcount ratio at $2.15 a day (2017 PPP) (% of population),Developed
SWE,Sweden,2015,0.6,Poverty headcount ratio at $2.15 a day (2017 PPP) (% of population),Developed
CHE,Switzerland,2015,0.0,Poverty headcount ratio at $2.15 a day (2017 PPP) (% of population),Developed
THA,Thailand,2015,0.1,Poverty headcount ratio at $2.15 a day (2017 PPP) (% of population),Southeast Asia
GBR,United Kingdom,2015,0.2,Poverty headcount ratio at $2.15 a day (2017 PPP) (% of population),Developed
USA,United States,2015,1.2,Poverty headcount ratio at $2.15 a day (2017 PPP) (% of population),Developed
AUS,Australia,2016,0.5,Poverty headcount ratio at $2.15 a day (2017 PPP) (% of population),Developed
AUT,Austria,2016,0.7,Poverty headcount ratio at $2.15 a day (2017 PPP) (% of population),Developed
BEL,Belgium,2016,0.1,Poverty headcount ratio at $2.15 a day (2017 PPP) (% of population),Developed
CAN,Canada,2016,0.5,Poverty headcount ratio at $2.15 a day (2017 PPP) (% of population),Developed
DNK,Denmark,2016,0.3,Poverty headcount ratio at $2.15 a day (2017 PPP) (% of population),Developed
FIN,Finland,2016,0.0,Poverty headcount ratio at $2.15 a day (2017 PPP) (% of population),Developed
FRA,France,2016,0.1,Poverty headcount ratio at $2.15 a day (2017 PPP) (% of population),Developed
DEU,Germany,2016,0.0,Poverty headcount ratio at $2.15 a day (2017 PPP) (% of population),Developed
IDN,Indonesia,2016,18.0,Poverty headcount ratio at $2.15 a day (2017 PPP) (% of population),Southeast Asia
ITA,Italy,2016,1.8,Poverty headcount ratio at $2.15 a day (2017 PPP) (% of population),Developed
JPN,Japan,2016,0.7,Poverty headcount ratio at $2.15 a day (2017 PPP) (% of population),Developed
NLD,Netherlands,2016,0.1,Poverty headcount ratio at $2.15 a day (2017 PPP) (% of population),Developed
NOR,Norway,2016,0.3,Poverty headcount ratio at $2.15 a day (2017 PPP) (% of population),Developed
ESP,Spain,2016,1.3,Poverty headcount ratio at $2.15 a day (2017 PPP) (% of population),Developed
SWE,Sweden,2016,0.4,Poverty headcount ratio at $2.15 a day (2017 PPP) (% of population),Developed
CHE,Switzerland,2016,0.0,Poverty headcount ratio at $2.15 a day (2017 PPP) (% of population),Developed
THA,Thailand,2016,0.1,Poverty headcount ratio at $2.15 a day (2017 PPP) (% of population),Southeast Asia
GBR,United Kingdom,2016,0.2,Poverty headcount ratio at $2.15 a day (2017 PPP) (% of population),Developed
USA,United States,2016,1.2,Poverty headcount ratio at $2.15 a day (2017 PPP) (% of population),Developed
VNM,Viet Nam,2016,2.5,Poverty headcount ratio at $2.15 a day (2017 PPP) (% of population),Southeast Asia
AUT,Austria,2017,0.3,Poverty headcount ratio at $2.15 a day (2017 PPP) (% of population),Developed
BEL,Belgium,2017,0.2,Poverty headcount ratio at $2.15 a day (2017 PPP) (% of population),Developed
CAN,Canada,2017,0.5,Poverty headcount ratio at $2.15 a day (2017 PPP) (% of population),Developed
DNK,Denmark,2017,0.1,Poverty headcount ratio at $2.15 a day (2017 PPP) (% of population),Developed
FIN,Finland,2017,0.1,Poverty headcount ratio at $2.15 a day (2017 PPP) (% of population),Developed
FRA,France,2017,0.0,Poverty headcount ratio at $2.15 a day (2017 PPP) (% of population),Developed
DEU,Germany,2017,0.2,Poverty headcount ratio at $2.15 a day (2017 PPP) (% of population),Developed
IDN,Indonesia,2017,14.8,Poverty headcount ratio at $2.15 a day (2017 PPP) (% of population),Southeast Asia
ITA,Italy,2017,1.5,Poverty headcount ratio at $2.15 a day (2017 PPP) (% of population),Developed
JPN,Japan,2017,0.6,Poverty headcount ratio at $2.15 a day (2017 PPP) (% of population),Developed
MMR,Myanmar,2017,10.3,Poverty headcount ratio at $2.15 a day (2017 PPP) (% of population),Southeast Asia
NLD,Netherlands,2017,0.2,Poverty headcount ratio at $2.15 a day (2017 PPP) (% of population),Developed
NOR,Norway,2017,0.3,Poverty headcount ratio at $2.15 a day (2017 PPP) (% of population),Developed
ESP,Spain,2017,0.8,Poverty headcount ratio at $2.15 a day (2017 PPP) (% of population),Developed
SWE,Sweden,2017,0.3,Poverty headcount ratio at $2.15 a day (2017 PPP) (% of population),Developed
CHE,Switzerland,2017,0.0,Poverty headcount ratio at $2.15 a day (2017 PPP) (% of population),Developed
THA,Thailand,2017,0.1,Poverty headcount ratio at $2.15 a day (2017 PPP) (% of population),Southeast Asia
GBR,United Kingdom,2017,0.2,Poverty headcount ratio at $2.15 a day (2017 PPP) (% of population),Developed
USA,United States,2017,1.2,Poverty headcount ratio at $2.15 a day (2017 PPP) (% of population),Developed
AUS,Australia,2018,0.5,Poverty headcount ratio at $2.15 a day (2017 PPP) (% of population),Developed
AUT,Austria,2018,0.6,Poverty headcount ratio at $2.15 a day (2017 PPP) (% of population),Developed
BEL,Belgium,2018,0.1,Poverty headcount ratio at $2.15 a day (2017 PPP) (% of population),Developed
CAN,Canada,2018,0.2,Poverty headcount ratio at $2.15 a day (2017 PPP) (% of population),Developed
DNK,Denmark,2018,0.2,Poverty headcount ratio at $2.15 a day (2017 PPP) (% of population),Developed
FIN,Finland,2018,0.1,Poverty headcount ratio at $2.15 a day (2017 PPP) (% of population),Developed
FRA,France,2018,0.0,Poverty headcount ratio at $2.15 a day (2017 PPP) (% of population),Developed
DEU,Germany,2018,0.0,Poverty headcount ratio at $2.15 a day (2017 PPP) (% of population),Developed
IDN,Indonesia,2018,12.5,Poverty headcount ratio at $2.15 a day (2017 PPP) (% of population),Southeast Asia
ITA,Italy,2018,1.7,Poverty headcount ratio at $2.15 a day (2017 PPP) (% of population),Developed
JPN,Japan,2018,1.0,Poverty headcount ratio at $2.15 a day (2017 PPP) (% of population),Developed
LAO,Lao PDR,2018,15.7,Poverty headcount ratio at $2.15 a day (2017 PPP) (% of population),Southeast Asia
MYS,Malaysia,2018,0.0,Poverty headcount ratio at $2.15 a day (2017 PPP) (% of population),Southeast Asia
NLD,Netherlands,2018,0.1,Poverty headcount ratio at $2.15 a day (2017 PPP) (% of population),Developed
NOR,Norway,2018,0.3,Poverty headcount ratio at $2.15 a day (2017 PPP) (% of population),Developed
PHL,Philippines,2018,8.3,Poverty headcount ratio at $2.15 a day (2017 PPP) (% of population),Southeast Asia
ESP,Spain,2018,1.0,Poverty headcount ratio at $2.15 a day (2017 PPP) (% of population),Developed
SWE,Sweden,2018,0.9,Poverty headcount ratio at $2.15 a day (2017 PPP) (% of population),Developed
CHE,Switzerland,2018,0.0,Poverty headcount ratio at $2.15 a day (2017 PPP) (% of population),Developed
THA,Thailand,2018,0.1,Poverty headcount ratio at $2.15 a day (2017 PPP) (% of population),Southeast Asia
GBR,United Kingdom,2018,0.5,Poverty headcount ratio at $2.15 a day (2017 PPP) (% of population),Developed
USA,United States,2018,1.0,Poverty headcount ratio at $2.15 a day (2017 PPP) (% of population),Developed
VNM,Viet Nam,2018,2.2,Poverty headcount ratio at $2.15 a day (2017 PPP) (% of population),Southeast Asia
AUT,Austria,2019,0.6,Poverty headcount ratio at $2.15 a day (2017 PPP) (% of population),Developed
BEL,Belgium,2019,0.1,Poverty headcount ratio at $2.15 a day (2017 PPP) (% of population),Developed
CAN,Canada,2019,0.2,Poverty headcount ratio at $2.15 a day (2017 PPP) (% of population),Developed
DNK,Denmark,2019,0.3,Poverty headcount ratio at $2.15 a day (2017 PPP) (% of population),Developed
FIN,Finland,2019,0.0,Poverty headcount ratio at $2.15 a day (2017 PPP) (% of population),Developed
FRA,France,2019,0.1,Poverty headcount ratio at $2.15 a day (2017 PPP) (% of population),Developed
DEU,Germany,2019,0.2,Poverty headcount ratio at $2.15 a day (2017 PPP) (% of population),Developed
IDN,Indonesia,2019,10.8,Poverty headcount ratio at $2.15 a day (2017 PPP) (% of population),Southeast Asia
ITA,Italy,2019,1.0,Poverty headcount ratio at $2.15 a day (2017 PPP) (% of population),Developed
JPN,Japan,2019,1.2,Poverty headcount ratio at $2.15 a day (2017 PPP) (% of population),Developed
NLD,Netherlands,2019,0.1,Poverty headcount ratio at $2.15 a day (2017 PPP) (% of population),Developed
NOR,Norway,2019,0.2,Poverty headcount ratio at $2.15 a day (2017 PPP) (% of population),Developed
ESP,Spain,2019,0.9,Poverty headcount ratio at $2.15 a day (2017 PPP) (% of population),Developed
SWE,Sweden,2019,0.4,Poverty headcount ratio at $2.15 a day (2017 PPP) (% of population),Developed
CHE,Switzerland,2019,0.0,Poverty headcount ratio at $2.15 a day (2017 PPP) (% of population),Developed
THA,Thailand,2019,0.1,Poverty headcount ratio at $2.15 a day (2017 PPP) (% of population),Southeast Asia
GBR,United Kingdom,2019,0.5,Poverty headcount ratio at $2.15 a day (2017 PPP) (% of population),Developed
USA,United States,2019,1.0,Poverty headcount ratio at $2.15 a day (2017 PPP) (% of population),Developed
AUS,Australia,2020,1.0,Poverty headcount ratio at $2.15 a day (2017 PPP) (% of population),Developed
AUT,Austria,2020,0.7,Poverty headcount ratio at $2.15 a day (2017 PPP) (% of population),Developed
BEL,Belgium,2020,0.1,Poverty headcount ratio at $2.15 a day (2017 PPP) (% of population),Developed
CAN,Canada,2020,0.2,Poverty headcount ratio at $2.15 a day (2017 PPP) (% of population),Developed
DNK,Denmark,2020,0.2,Poverty headcount ratio at $2.15 a day (2017 PPP) (% of population),Developed
FIN,Finland,2020,0.0,Poverty headcount ratio at $2.15 a day (2017 PPP) (% of population),Developed
FRA,France,2020,0.1,Poverty headcount ratio at $2.15 a day (2017 PPP) (% of population),Developed
DEU,Germany,2020,0.2,Poverty headcount ratio at $2.15 a day (2017 PPP) (% of population),Developed
IDN,Indonesia,2020,9.8,Poverty headcount ratio at $2.15 a day (2017 PPP) (% of population),Southeast Asia
ITA,Italy,2020,0.9,Poverty headcount ratio at $2.15 a day (2017 PPP) (% of population),Developed
JPN,Japan,2020,1.2,Poverty headcount ratio at $2.15 a day (2017 PPP) (% of population),Developed
NLD,Netherlands,2020,0.0,Poverty headcount ratio at $2.15 a day (2017 PPP) (% of population),Developed
NOR,Norway,2020,0.3,Poverty headcount ratio at $2.15 a day (2017 PPP) (% of population),Developed
ESP,Spain,2020,1.1,Poverty headcount ratio at $2.15 a day (2017 PPP) (% of population),Developed
SWE,Sweden,2020,0.5,Poverty headcount ratio at $2.15 a day (2017 PPP) (% of population),Developed
CHE,Switzerland,2020,0.1,Poverty headcount ratio at $2.15 a day (2017 PPP) (% of population),Developed
THA,Thailand,2020,0.1,Poverty headcount ratio at $2.15 a day (2017 PPP) (% of population),Southeast Asia
GBR,United Kingdom,2020,0.5,Poverty headcount ratio at $2.15 a day (2017 PPP) (% of population),Developed
USA,United States,2020,0.5,Poverty headcount ratio at $2.15 a day (2017 PPP) (% of population),Developed
VNM,Viet Nam,2020,1.3,Poverty headcount ratio at $2.15 a day (2017 PPP) (% of population),Southeast Asia
AUT,Austria,2021,0.5,Poverty headcount ratio at $2.15 a day (2017 PPP) (% of population),Developed
BEL,Belgium,2021,0.0,Poverty headcount ratio at $2.15 a day (2017 PPP) (% of population),Developed
CAN,Canada,2021,0.2,Poverty headcount ratio at $2.15 a day (2017 PPP) (% of population),Developed
DNK,Denmark,2021,0.2,Poverty headcount ratio at $2.15 a day (2017 PPP) (% of population),Developed
FIN,Finland,2021,0.0,Poverty headcount ratio at $2.15 a day (2017 PPP) (% of population),Developed
FRA,France,2021,0.1,Poverty headcount ratio at $2.15 a day (2017 PPP) (% of population),Developed
IDN,Indonesia,2021,8.6,Poverty headcount ratio at $2.15 a day (2017 PPP) (% of population),Southeast Asia
ITA,Italy,2021,0.9,Poverty headcount ratio at $2.15 a day (2017 PPP) (% of population),Developed
MYS,Malaysia,2021,0.0,Poverty headcount ratio at $2.15 a day (2017 PPP) (% of population),Southeast Asia
NLD,Netherlands,2021,0.1,Poverty headcount ratio at $2.15 a day (2017 PPP) (% of population),Developed
NOR,Norway,2021,0.2,Poverty headcount ratio at $2.15 a day (2017 PPP) (% of population),Developed
PHL,Philippines,2021,8.1,Poverty headcount ratio at $2.15 a day (2017 PPP) (% of population),Southeast Asia
ESP,Spain,2021,0.7,Poverty headcount ratio at $2.15 a day (2017 PPP) (% of population),Developed
SWE,Sweden,2021,0.6,Poverty headcount ratio at $2.15 a day (2017 PPP) (% of population),Developed
CHE,Switzerland,2021,0.0,Poverty headcount ratio at $2.15 a day (2017 PPP) (% of population),Developed
THA,Thailand,2021,0.0,Poverty headcount ratio at $2.15 a day (2017 PPP) (% of population),Southeast Asia
GBR,United Kingdom,2021,0.5,Poverty headcount ratio at $2.15 a day (2017 PPP) (% of population),Developed
USA,United States,2021,0.5,Poverty headcount ratio at $2.15 a day (2017 PPP) (% of population),Developed
AUT,Austria,2022,0.6,Poverty headcount ratio at $2.15 a day (2017 PPP) (% of population),Developed
BEL,Belgium,2022,0.0,Poverty headcount ratio at $2.15 a day (2017 PPP) (% of population),Developed
DNK,Denmark,2022,0.2,Poverty headcount ratio at $2.15 a day (2017 PPP) (% of population),Developed
FIN,Finland,2022,0.1,Poverty headcount ratio at $2.15 a day (2017 PPP) (% of population),Developed
FRA,France,2022,0.1,Poverty headcount ratio at $2.15 a day (2017 PPP) (% of population),Developed
IDN,Indonesia,2022,7.9,Poverty headcount ratio at $2.15 a day (2017 PPP) (% of population),Southeast Asia
ITA,Italy,2022,0.7,Poverty headcount ratio at $2.15 a day (2017 PPP) (% of population),Developed
NOR,Norway,2022,0.3,Poverty headcount ratio at $2.15 a day (2017 PPP) (% of population),Developed
ESP,Spain,2022,0.8,Poverty headcount ratio at $2.15 a day (2017 PPP) (% of population),Developed
SWE,Sweden,2022,1.3,Poverty headcount ratio at $2.15 a day (2017 PPP) (% of population),Developed
CHE,Switzerland,2022,0.2,Poverty headcount ratio at $2.15 a day (2017 PPP) (% of population),Developed
THA,Thailand,2022,0.0,Poverty headcount ratio at $2.15 a day (2017 PPP) (% of population),Southeast Asia
USA,United States,2022,1.2,Poverty headcount ratio at $2.15 a day (2017 PPP) (% of population),Developed
VNM,Viet Nam,2022,1.6,Poverty headcount ratio at $2.15 a day (2017 PPP) (% of population),Southeast Asia
AUT,Austria,2023,0.5,Poverty headcount ratio at $2.15 a day (2017 PPP) (% of population),Developed
BEL,Belgium,2023,0.1,Poverty headcount ratio at $2.15 a day (2017 PPP) (% of population),Developed
DNK,Denmark,2023,0.4,Poverty headcount ratio at $2.15 a day (2017 PPP) (% of population),Developed
FIN,Finland,2023,0.2,Poverty headcount ratio at $2.15 a day (2017 PPP) (% of population),Developed
FRA,France,2023,0.1,Poverty headcount ratio at $2.15 a day (2017 PPP) (% of population),Developed
IDN,Indonesia,2023,6.7,Poverty headcount ratio at $2.15 a day (2017 PPP) (% of population),Southeast Asia
ITA,Italy,2023,0.9,Poverty headcount ratio at $2.15 a day (2017 PPP) (% of population),Developed
NOR,Norway,2023,0.2,Poverty headcount ratio at $2.15 a day (2017 PPP) (% of population),Developed
PHL,Philippines,2023,5.3,Poverty headcount ratio at $2.15 a day (2017 PPP) (% of population),Southeast Asia
ESP,Spain,2023,0.8,Poverty headcount ratio at $2.15 a day (2017 PPP) (% of population),Developed
SWE,Sweden,2023,0.8,Poverty headcount ratio at $2.15 a day (2017 PPP) (% of population),Developed
THA,Thailand,2023,0.0,Poverty headcount ratio at $2.15 a day (2017 PPP) (% of population),Southeast Asia
USA,United States,2023,1.2,Poverty headcount ratio at $2.15 a day (2017 PPP) (% of population),Developed
IDN,Indonesia,2024,5.4,Poverty headcount ratio at $2.15 a day (2017 PPP) (% of population),Southeast Asia
